nombre,categoria,subcategoria,descripcion,fuente,evidencia,imagenes,instagram,twitter,facebook,tiktok,youtube,estado
Marbelle,artistas,Cantantes,"Respaldo público a la campaña; en entrevista: 'Es un tigre, todo lo que dice que va a hacer, lo hace.'",https://www.semana.com/gente/articulo/cristina-hurtado-marbelle-sebastian-caicedo-y-mas-famosos-que-han-expresado-su-apoyo-a-abelardo-de-la-espriella/202637/,Copia archivada (Wayback)::https://web.archive.org/web/20260611023039/https://www.semana.com/gente/articulo/cristina-hurtado-marbelle-sebastian-caicedo-y-mas-famosos-que-han-expresado-su-apoyo-a-abelardo-de-la-espriella/202637/,,marbelle.oficial,Marbelle30,Marbelle.oficial,marbelle29_oficial,https://www.youtube.com/channel/UCK59cjiNh-LjCVoqzfZopDg
Silvestre Dangond,artistas,Cantantes,"En un concierto: 'Abelardo, sigues siendo el papá, te necesitamos.'",https://www.semana.com/gente/articulo/cristina-hurtado-marbelle-sebastian-caicedo-y-mas-famosos-que-han-expresado-su-apoyo-a-abelardo-de-la-espriella/202637/,Copia archivada (Wayback)::https://web.archive.org/web/20260611023039/https://www.semana.com/gente/articulo/cristina-hurtado-marbelle-sebastian-caicedo-y-mas-famosos-que-han-expresado-su-apoyo-a-abelardo-de-la-espriella/202637/,,silvestredangond,SilvestreFDC,SilvestreDangond,silvestredangond,@SilvestreDangondTV
Miguel Morales,artistas,Cantantes,Respaldo público a la campaña en redes sociales.,https://www.semana.com/gente/articulo/cristina-hurtado-marbelle-sebastian-caicedo-y-mas-famosos-que-han-expresado-su-apoyo-a-abelardo-de-la-espriella/202637/,Copia archivada (Wayback)::https://web.archive.org/web/20260611023039/https://www.semana.com/gente/articulo/cristina-hurtado-marbelle-sebastian-caicedo-y-mas-famosos-que-han-expresado-su-apoyo-a-abelardo-de-la-espriella/202637/,,miguelmorales_lavoz,,MiguelMoralesOficial,miguelmoraleslavoz,@MiguelMorales_LaVoz
Cristina Hurtado,artistas,Presentador,"Publicó fotos con el candidato: 'Firme por la familia, por mi país. Firme por la patria.'",https://www.semana.com/gente/articulo/cristina-hurtado-marbelle-sebastian-caicedo-y-mas-famosos-que-han-expresado-su-apoyo-a-abelardo-de-la-espriella/202637/,Copia archivada (Wayback)::https://web.archive.org/web/20260611023039/https://www.semana.com/gente/articulo/cristina-hurtado-marbelle-sebastian-caicedo-y-mas-famosos-que-han-expresado-su-apoyo-a-abelardo-de-la-espriella/202637/,,crisshurtado,CrissHurtado,crisshurtado8,crisshurtado8,crisshurtado
Jessica Cediel,artistas,Presentador,Apareció en un video junto al candidato llamando a votar por él.,https://www.kienyke.com/entretenimiento/el-ferreo-apoyo-de-jessica-cediel-abelardo-de-la-espriella,,,jessicacedielnet,jessicacediel,JessicaCedielNet,jessicacedieloficial,@jessicacedieloficial4531
Amparo Grisales,artistas,Actores,Llamada de apoyo a la campaña: 'firmes por la patria.',https://www.infobae.com/colombia/2026/06/12/abelardo-de-la-espriella-sigue-sumando-apoyos-para-la-seleccion-del-tigre-estos-son-los-nombres-que-llegan-a-la-campana/,Copia archivada (Wayback)::https://web.archive.org/web/20260618192540/https://www.infobae.com/colombia/2026/06/12/abelardo-de-la-espriella-sigue-sumando-apoyos-para-la-seleccion-del-tigre-estos-son-los-nombres-que-llegan-a-la-campana/,,agrisales333,Amparo_Grisales,,,
Sebastián Caicedo,artistas,Actores,Replicó discursos y entrevistas del candidato en sus redes.,https://www.semana.com/gente/articulo/cristina-hurtado-marbelle-sebastian-caicedo-y-mas-famosos-que-han-expresado-su-apoyo-a-abelardo-de-la-espriella/202637/,Copia archivada (Wayback)::https://web.archive.org/web/20260611023039/https://www.semana.com/gente/articulo/cristina-hurtado-marbelle-sebastian-caicedo-y-mas-famosos-que-han-expresado-su-apoyo-a-abelardo-de-la-espriella/202637/,,sebastiancaicedo,SebasCaicedo_,,_sebastiancaicedo_,
Piter Albeiro,artistas,Humoristas,Respaldo público a la campaña en redes sociales.,https://www.semana.com/gente/articulo/cristina-hurtado-marbelle-sebastian-caicedo-y-mas-famosos-que-han-expresado-su-apoyo-a-abelardo-de-la-espriella/202637/,Copia archivada (Wayback)::https://web.archive.org/web/20260611023039/https://www.semana.com/gente/articulo/cristina-hurtado-marbelle-sebastian-caicedo-y-mas-famosos-que-han-expresado-su-apoyo-a-abelardo-de-la-espriella/202637/,,piteralbeiro,PITERALBEIRO,PiterAlbeiroOficial,piteralbeirotv,PiterAlbeiroTv
Nairo Quintana,artistas,Deportistas,"Videollamada con el candidato: 'Mi presidente, ¿cómo estás?'",https://www.infobae.com/colombia/2026/06/12/nairo-quintana-le-expreso-su-apoyo-al-candidato-presidencial-abelardo-de-la-espriella-mi-presidente-como-estas/,,img/evidencia/nairo-quintana-firme-patria.png,nairoquincoficial,NairoQuinCo,nairo.quintana,,
Teófilo Gutiérrez,artistas,Deportistas,Video con el lema 'Firmes por la patria'; el artículo señala que 'siempre mostró su apoyo' a la candidatura.,https://www.semana.com/deportes/articulo/asi-celebro-teofilo-gutierrez-el-triunfo-de-abelardo-de-la-espriella-reaccion-es-viral/202648/,Copia archivada (Wayback)::https://web.archive.org/web/20260623012914/https://www.semana.com/deportes/articulo/asi-celebro-teofilo-gutierrez-el-triunfo-de-abelardo-de-la-espriella-reaccion-es-viral/202648/,,teogutierrez_,teogol_,TeofiloG29,,
Miguel Ángel Borja,artistas,Deportistas,Conversación telefónica de apoyo con el candidato durante la campaña.,https://www.infobae.com/colombia/2026/06/12/abelardo-de-la-espriella-sigue-sumando-apoyos-para-la-seleccion-del-tigre-estos-son-los-nombres-que-llegan-a-la-campana/,Copia archivada (Wayback)::https://web.archive.org/web/20260618192540/https://www.infobae.com/colombia/2026/06/12/abelardo-de-la-espriella-sigue-sumando-apoyos-para-la-seleccion-del-tigre-estos-son-los-nombres-que-llegan-a-la-campana/,,miguelaborja23,MiguelABorja9,,,
Alejandro Falla,artistas,Deportistas,Se sumó por video a una iniciativa de la campaña con un mensaje a favor del deporte.,https://www.elpais.com.co/elecciones/alejandro-falla-se-suma-a-iniciativa-de-abelardo-de-la-espriella-y-lanza-mensaje-en-defensa-del-deporte-0817.html,Copia archivada (Wayback)::https://web.archive.org/web/20260610033257/https://www.elpais.com.co/elecciones/alejandro-falla-se-suma-a-iniciativa-de-abelardo-de-la-espriella-y-lanza-mensaje-en-defensa-del-deporte-0817.html,,alejandrofalla,AlejandroFalla,AlejandroFallaRamirez,,
Bancolombia,empresas,Financiación de la campaña,"Otorgó un crédito de $16.000 millones a la campaña de Abelardo de la Espriella para la primera vuelta, declarado ante Cuentas Claras (CNE). Es un préstamo comercial a la campaña, no un respaldo declarado de la entidad.",https://www.infobae.com/colombia/2026/06/17/asi-estan-las-cuentas-de-las-campanas-de-abelardo-de-la-espriella-e-ivan-cepeda-de-cara-a-la-segunda-vuelta-presidencial/,Cuentas Claras – CNE::https://www.cnecuentasclaras.gov.co/,,bancolombia,Bancolombia,bancolombia,,,
Banco de Bogotá,empresas,Financiación de la campaña,"Otorgó un crédito de $15.000 millones a la campaña de Abelardo de la Espriella para la primera vuelta, declarado ante Cuentas Claras (CNE). Es un préstamo comercial a la campaña, no un respaldo declarado de la entidad.",https://www.infobae.com/colombia/2026/06/17/asi-estan-las-cuentas-de-las-campanas-de-abelardo-de-la-espriella-e-ivan-cepeda-de-cara-a-la-segunda-vuelta-presidencial/,Cuentas Claras – CNE::https://www.cnecuentasclaras.gov.co/,,bancodebogota,BancodeBogota,BancodeBogota,,,
Banco de Occidente,empresas,Grupo Sarmiento Angulo (Grupo Aval),"Banco comercial del Grupo Aval, de Luis Carlos Sarmiento Angulo. Ese grupo financió la campaña de De la Espriella: su Banco de Bogotá le otorgó un crédito de $15.000 millones. Su dueño, Sarmiento, también es propietario del diario El Tiempo.",https://www.grupoaval.com/preguntas-frecuentes,Bancos del Grupo Aval (sitio oficial)::https://www.grupoaval.com/preguntas-frecuentes|Crédito de Banco de Bogotá a la campaña (Infobae)::https://www.infobae.com/colombia/2026/06/17/asi-estan-las-cuentas-de-las-campanas-de-abelardo-de-la-espriella-e-ivan-cepeda-de-cara-a-la-segunda-vuelta-presidencial/,,,,,,,vínculo indirecto
Banco Popular,empresas,Grupo Sarmiento Angulo (Grupo Aval),"Banco comercial del Grupo Aval, de Luis Carlos Sarmiento Angulo. Ese grupo financió la campaña de De la Espriella: su Banco de Bogotá le otorgó un crédito de $15.000 millones. Su dueño, Sarmiento, también es propietario del diario El Tiempo.",https://www.grupoaval.com/preguntas-frecuentes,Bancos del Grupo Aval (sitio oficial)::https://www.grupoaval.com/preguntas-frecuentes|Crédito de Banco de Bogotá a la campaña (Infobae)::https://www.infobae.com/colombia/2026/06/17/asi-estan-las-cuentas-de-las-campanas-de-abelardo-de-la-espriella-e-ivan-cepeda-de-cara-a-la-segunda-vuelta-presidencial/,,,,,,,vínculo indirecto
Banco AV Villas,empresas,Grupo Sarmiento Angulo (Grupo Aval),"Banco comercial del Grupo Aval, de Luis Carlos Sarmiento Angulo. Ese grupo financió la campaña de De la Espriella: su Banco de Bogotá le otorgó un crédito de $15.000 millones. Su dueño, Sarmiento, también es propietario del diario El Tiempo.",https://www.grupoaval.com/preguntas-frecuentes,Bancos del Grupo Aval (sitio oficial)::https://www.grupoaval.com/preguntas-frecuentes|Crédito de Banco de Bogotá a la campaña (Infobae)::https://www.infobae.com/colombia/2026/06/17/asi-estan-las-cuentas-de-las-campanas-de-abelardo-de-la-espriella-e-ivan-cepeda-de-cara-a-la-segunda-vuelta-presidencial/,,,,,,,vínculo indirecto
Corficolombiana,empresas,Grupo Sarmiento Angulo (Grupo Aval),"Corporación financiera (banca de inversión e infraestructura) del Grupo Aval, de Luis Carlos Sarmiento Angulo. Ese grupo financió la campaña de De la Espriella: su Banco de Bogotá le otorgó un crédito de $15.000 millones. Su dueño, Sarmiento, también es propietario del diario El Tiempo.",https://www.grupoaval.com/preguntas-frecuentes,Bancos del Grupo Aval (sitio oficial)::https://www.grupoaval.com/preguntas-frecuentes|Crédito de Banco de Bogotá a la campaña (Infobae)::https://www.infobae.com/colombia/2026/06/17/asi-estan-las-cuentas-de-las-campanas-de-abelardo-de-la-espriella-e-ivan-cepeda-de-cara-a-la-segunda-vuelta-presidencial/,,,,,,,vínculo indirecto
Porvenir,empresas,Grupo Sarmiento Angulo (Grupo Aval),"Mayor administradora privada de fondos de pensiones y cesantías de Colombia, del Grupo Aval, de Luis Carlos Sarmiento Angulo. Ese grupo financió la campaña de De la Espriella: su Banco de Bogotá le otorgó un crédito de $15.000 millones. Su dueño, Sarmiento, también es propietario del diario El Tiempo.",https://www.grupoaval.com/preguntas-frecuentes,Bancos del Grupo Aval (sitio oficial)::https://www.grupoaval.com/preguntas-frecuentes|Crédito de Banco de Bogotá a la campaña (Infobae)::https://www.infobae.com/colombia/2026/06/17/asi-estan-las-cuentas-de-las-campanas-de-abelardo-de-la-espriella-e-ivan-cepeda-de-cara-a-la-segunda-vuelta-presidencial/,,,,,,,vínculo indirecto
BBVA,empresas,Financiación de la campaña,"Otorgó un crédito de $5.000 millones a la campaña de Abelardo de la Espriella para la primera vuelta, declarado ante Cuentas Claras (CNE). Es un préstamo comercial a la campaña, no un respaldo declarado de la entidad.",https://www.infobae.com/colombia/2026/06/17/asi-estan-las-cuentas-de-las-campanas-de-abelardo-de-la-espriella-e-ivan-cepeda-de-cara-a-la-segunda-vuelta-presidencial/,Cuentas Claras – CNE::https://www.cnecuentasclaras.gov.co/,,bbva_colombia,BBVA_Colombia,bbvaencolombia,,,
GNB Sudameris,empresas,Financiación de la campaña,"Otorgó un crédito de $17.500 millones a la campaña de Abelardo de la Espriella para la segunda vuelta, declarado ante Cuentas Claras (CNE). Es un préstamo comercial a la campaña, no un respaldo declarado de la entidad. El banco es del Grupo Gilinski (Jaime Gilinski); la familia Gilinski también es dueña de la revista Semana.",https://www.elpais.com.co/elecciones/financiacion-de-la-segunda-vuelta-presidencial-suma-27500-millones-campanas-de-de-la-espriella-y-cepeda-reportan-creditos-bancarios-1918.html,Cuentas Claras – CNE::https://www.cnecuentasclaras.gov.co/,,,,,,,
Fenalco,empresas,Gremios,"Gremio nacional de comerciantes. Anunció su apoyo oficial a la candidatura; su presidente, Jaime Alberto Cabal, afirmó que 'la democracia del país está en juego'.",https://www.noticiasrcn.com/colombia/fenalco-anuncia-su-apoyo-a-la-candidatura-de-abelardo-de-la-espriella-vamos-cuatro-anos-de-desprecio-1028367,Copia archivada (Wayback)::https://web.archive.org/web/20260624232530/https://www.noticiasrcn.com/colombia/fenalco-anuncia-su-apoyo-a-la-candidatura-de-abelardo-de-la-espriella-vamos-cuatro-anos-de-desprecio-1028367,,fenalconacional,fenalconacional,fenalconacional,fenalconacional,FenalcoNacional
Arturo Calle,empresas,Empresarios,Empresario textil. Respaldó públicamente la campaña y fue propuesto para un 'Comité de Sabios' del sector empresarial.,https://www.pulzo.com/elecciones-colombia-2026/arturo-calle-char-apoyan-campana-abelardo-espriella-PP5196670,Copia archivada (Wayback)::https://web.archive.org/web/20260611104704/https://www.pulzo.com/elecciones-colombia-2026/arturo-calle-char-apoyan-campana-abelardo-espriella-PP5196670,,arturocalleoficial,Arturo_Calle,arturocalleoficial,arturocalleoficial,ArturoCalleColombia
Olímpica,empresas,Grupo Char,"Cadena de supermercados del Grupo Char, que respaldó la campaña y reorientó al partido Cambio Radical hacia el candidato.",https://www.pulzo.com/elecciones-colombia-2026/arturo-calle-char-apoyan-campana-abelardo-espriella-PP5196670,Copia archivada (Wayback)::https://web.archive.org/web/20260611104704/https://www.pulzo.com/elecciones-colombia-2026/arturo-calle-char-apoyan-campana-abelardo-espriella-PP5196670,,supertiendasolimpica,olimpicaSA,SupertiendaOlimpica,supertiendas_olimpica,https://www.youtube.com/channel/UCkD9Zd_ih6oH-j9nz3_oDmw
Junior FC,empresas,Grupo Char,"Club de fútbol del Grupo Char, que respaldó la campaña y reorientó al partido Cambio Radical hacia el candidato.",https://www.pulzo.com/elecciones-colombia-2026/arturo-calle-char-apoyan-campana-abelardo-espriella-PP5196670,Copia archivada (Wayback)::https://web.archive.org/web/20260611104704/https://www.pulzo.com/elecciones-colombia-2026/arturo-calle-char-apoyan-campana-abelardo-espriella-PP5196670,,juniorclubsa,JuniorClubSA,JuniorClubSA,juniorclub.sa,JuniorClubSA
Samuel Azout,empresas,Empresarios,Empresario que se sumó al equipo de campaña: 'servir sin esperar nada a cambio... construir una Patria Milagro'.,https://www.semana.com/confidenciales/articulo/el-reconocido-empresario-que-se-suma-a-la-campana-presidencial-de-abelardo-de-la-espriella/202616/,,,samuelazout,samuelazout,,,
52 organizaciones sindicales,sindicatos,Coaliciones,"Coalición de 52 organizaciones sindicales y sociales que anunció su respaldo en Bogotá (sectores: petróleo, minería, banca, textil, educación, agro y servicios públicos).",https://www.portafolio.co/economia/empleo/52-organizaciones-sindicales-anuncian-respaldo-a-abelardo-de-la-espriella-496481,,,,,,,
Cambio Radical,partidos,Nacionales,Partido político. Anunció por comunicado su respaldo a la candidatura para frenar la continuidad del petrismo.,https://www.eltiempo.com/politica/elecciones-colombia-2026/elecciones-presidenciales-2026-que-partidos-apoyan-a-abelardo-de-la-espriella-y-cuales-a-ivan-cepeda-3561061,,,pcambioradical,PCambioRadical,,pcambioradical,PCambioRadical
Creemos,partidos,Nacionales,Movimiento de Federico Gutiérrez (Fico). Oficializó su respaldo a la candidatura.,https://www.eltiempo.com/politica/elecciones-colombia-2026/elecciones-presidenciales-2026-que-partidos-apoyan-a-abelardo-de-la-espriella-y-cuales-a-ivan-cepeda-3561061,,,creemosco,creemosco,creemosco,,
Salvación Nacional,partidos,Nacionales,Partido de Enrique Gómez. Respaldó la candidatura; su cabeza de lista afirmó que el país está 'entre una dictadura con Cepeda o una democracia robusta con De la Espriella'.,https://www.eltiempo.com/politica/elecciones-colombia-2026/enrique-gomez-cabeza-de-lista-de-salvacion-nacional-estamos-entre-una-dictadura-con-cepeda-o-un-estado-de-derecho-vigente-con-de-la-espriella-3519861,Copia archivada (Wayback)::https://web.archive.org/web/20260111020627/https://www.eltiempo.com/politica/elecciones-colombia-2026/enrique-gomez-cabeza-de-lista-de-salvacion-nacional-estamos-entre-una-dictadura-con-cepeda-o-un-estado-de-derecho-vigente-con-de-la-espriella-3519861,,msalvacionnacional,MovSalvacionNal,MSalvacionNacional,movsalvacionnal,
Centro Democrático,partidos,Nacionales,Partido fundado por Álvaro Uribe. Respaldó la candidatura; Uribe llamó a votar por él ('votaremos por él y pedimos que se vote por él').,https://www.eltiempo.com/politica/elecciones-colombia-2026/elecciones-presidenciales-2026-que-partidos-apoyan-a-abelardo-de-la-espriella-y-cuales-a-ivan-cepeda-3561061,,,cedemocratico,CeDemocratico,CeDemocratico,centrodemocraticoficial,CentrodemocraticoOficial
Donald Trump,lideres,Internacionales,"Presidente de Estados Unidos. En Truth Social respaldó la candidatura ('un líder inteligente, fuerte y tenaz') y prometió pleno apoyo de EE. UU. si gana.",https://www.eluniverso.com/noticias/internacional/un-lider-inteligente-fuerte-y-tenaz-donald-trump-recalca-apoyo-si-triunfa-abelardo-de-la-espriella-nota/,Copia archivada (Wayback)::https://web.archive.org/web/20260611190341/https://www.eluniverso.com/noticias/internacional/un-lider-inteligente-fuerte-y-tenaz-donald-trump-recalca-apoyo-si-triunfa-abelardo-de-la-espriella-nota/,,realDonaldTrump,realDonaldTrump,DonaldTrump,realDonaldTrump,DonaldJTrumpforPresident
Javier Milei,lideres,Internacionales,Presidente de Argentina. Respaldó la candidatura: 'las fuerzas de la libertad en la región estamos mirando y apoyando'.,https://www.ambito.com/politica/el-apoyo-javier-milei-abelardo-la-espriella-las-fuerzas-la-libertad-estamos-mirando-y-apoyando-n6289974,Copia archivada (Wayback)::https://web.archive.org/web/20260619024316/https://www.ambito.com/politica/el-apoyo-javier-milei-abelardo-la-espriella-las-fuerzas-la-libertad-estamos-mirando-y-apoyando-n6289974,,javiermilei,JMilei,JavierMileiEconomista,javiermileii,JMilei
Alberto Núñez Feijóo,lideres,Internacionales,Presidente del Partido Popular (España). Felicitó al candidato y le deseó éxito en la segunda vuelta por redes sociales.,https://www.diariodeibiza.es/nacional/2026/06/14/feijoo-abascal-apoyan-primera-vez-131380619.html,,,anunezfeijoo,NunezFeijoo,NunezFeijoo,nunezfeijoo,
Santiago Abascal,lideres,Internacionales,Presidente de Vox (España). Recibió al candidato en Madrid (enero de 2026) y comparte el respaldo a su candidatura.,https://www.diariodeibiza.es/nacional/2026/06/14/feijoo-abascal-apoyan-primera-vez-131380619.html,,,santi_abascal,Santi_ABASCAL,SantiagoAbascalConde,santiabascal_,
VOX,partidos,Internacionales,"Partido político español liderado por Santiago Abascal, que comparte el respaldo a la candidatura.",https://www.diariodeibiza.es/nacional/2026/06/14/feijoo-abascal-apoyan-primera-vez-131380619.html,,,vox_es,vox_es,VOXEspana,vox_espana,vox_espana
Laura Tobón,artistas,Presentador,Mencionada por la prensa entre los famosos que respaldan la candidatura; comentó '🐯🐯 con Dios' en una publicación de campaña.,https://www.colombia.com/entretenimiento/noticias/que-famosos-apoyan-a-ivan-cepeda-y-abelardo-de-la-espriella-en-segunda-vuelta-586248,Copia archivada (Wayback)::https://web.archive.org/web/20260610083447/https://www.colombia.com/entretenimiento/noticias/que-famosos-apoyan-a-ivan-cepeda-y-abelardo-de-la-espriella-en-segunda-vuelta-586248,,laura_tobon,lauratobonyepes,Lauratobonyepes,laura_tobon,
Josse Narváez,artistas,Presentador,Mencionado por la prensa entre los famosos que respaldan la candidatura.,https://www.colombia.com/entretenimiento/noticias/que-famosos-apoyan-a-ivan-cepeda-y-abelardo-de-la-espriella-en-segunda-vuelta-586248,Copia archivada (Wayback)::https://web.archive.org/web/20260610083447/https://www.colombia.com/entretenimiento/noticias/que-famosos-apoyan-a-ivan-cepeda-y-abelardo-de-la-espriella-en-segunda-vuelta-586248,,jossenarvaezm,jossenarvaez,jossenarvaez,jossenarvaezm,
Paula Andrea Betancur,artistas,Actores,Mencionada por la prensa entre los famosos que respaldan la candidatura.,https://www.colombia.com/entretenimiento/noticias/que-famosos-apoyan-a-ivan-cepeda-y-abelardo-de-la-espriella-en-segunda-vuelta-586248,Copia archivada (Wayback)::https://web.archive.org/web/20260610083447/https://www.colombia.com/entretenimiento/noticias/que-famosos-apoyan-a-ivan-cepeda-y-abelardo-de-la-espriella-en-segunda-vuelta-586248,,paulaandreabetancur,PaulaAndreaB_,PaulaAndreaBetancurA,paulaandreaw_,
María Elvira Ramírez,artistas,Influencers,Influencer. Comentó apoyando la candidatura: 'Firme porque en 4 años yo quiero poder volver a salir a votar'.,https://www.instagram.com/mariaelvirar_/,,img/evidencia/maria-elvira-ramirez.webp,mariaelvirar_,,,mariaelvirar,
Kim de Sutter,artistas,Influencers,Creadora de contenido. Recompartió contenido de la campaña ('Pasamos a segunda vuelta') y comentó 'FIRMES' en una publicación del candidato.,https://www.instagram.com/kimdesutter/,Copia archivada (Wayback)::https://web.archive.org/web/20190415151211/https://www.instagram.com/kimdesutter/,img/evidencia/kim-de-sutter.webp,kimdesutter,kimdesutterg,,kimdesutter,@KimDeSutterBeautyAndStyle
Isabella Cortes,artistas,Influencers,Influencer. Comentó '🐯🇨🇴🇨🇴' (el tigre es el símbolo de la campaña) en una publicación del candidato.,https://www.instagram.com/isabellacortes_b/,,img/evidencia/isabella-cortes.png,isabellacortes_b,,,isabellacortes_b,
Sara Uribe,artistas,Presentador,"Modelo y presentadora. En una publicación usó el lema de campaña 'vamos firmes' junto al tigre, símbolo de la candidatura.",https://www.instagram.com/sara_uribe/,Copia archivada (Wayback)::https://web.archive.org/web/20221003011119/https://www.instagram.com/sara_uribe/,img/evidencia/sara-uribe.webp,sara_uribe,SaraUribeTV,SaraUribeCadavid,sarauribetv,
Caterine Ibargüen,artistas,Deportistas,"Medallista olímpica. Recompartió una historia de Ernesto Lucena (figura deportiva de la campaña) con el mensaje 'el deporte en el centro del gobierno' y el tigre, símbolo de la candidatura.",https://www.instagram.com/triplecibarguen/,,img/evidencia/caterine-ibarguen.png,triplecibarguen,tripleCIbarguen,tripleCIbarguen,caterineibarguen,
Alejandro Méndez,artistas,Influencers,Chef y creador de contenido. Comentó en una publicación de campaña: 'Usted merece ser presidente en un futuro'.,https://www.instagram.com/alejomendezchef/,,img/evidencia/alejandro-mendez.webp,alejomendezchef,,https://www.facebook.com/p/Alejo-Mendez-chef-61568552835632,alejomendezchef,
Ana del Castillo,artistas,Cantantes,Cantante vallenata. Cantó en el cierre de campaña del candidato en Barranquilla y expresó su apoyo ('firme por la patria').,https://www.youtube.com/watch?v=N-CdiaMJdK0,,img/evidencia/ana-del-castillo.webp,anadelcastilloj,anadelcastilloj,anaofthecastle,anadelcastilloj,@AnaDelCastillo_
Sofía (lasofiavm),artistas,Influencers,Influencer ('fofii'). Etiquetó una celebración de la campaña ('hoy la fiesta es aquí @delaespriella_style') y recompartió contenido de la campaña.,https://www.instagram.com/lasofiavm/,,img/evidencia/sofia-lasofiavm.webp,lasofiavm,,,lasofiavm,
La Barbie Colombiana,artistas,Influencers,Influencer y cantante (Tatiana Murillo). Publicó una historia con el carro de campaña ('Abelardo Presidente') celebrando su triunfo.,https://www.instagram.com/labarbiecolombianaoficial/,,img/evidencia/la-barbie-colombiana.webp,labarbiecolombianaoficial,,,tatianamurillobarbie,
Aithana,artistas,Influencers,Creadora de contenido. Publicó una foto con el lema 'Firmes' y prendas de la campaña (gorra del tigre y buzo 'Firme por la patria').,https://www.tiktok.com/@aithanadelgallego,,img/evidencia/aithana.webp,aithanadelgallego,aithanadgg,,aithanadelgallego,
Katherine Porto,artistas,Actores,Actriz. Publicó una historia con la garra del tigre (símbolo de la campaña) y el mensaje 'el futuro... es de quienes construyen'.,https://www.instagram.com/katherineporto_/,,img/evidencia/katherine-porto.webp,katherineporto_,katherineporto,,katherineportom,
Pipe Bueno,artistas,Cantantes,Cantante de música popular. Apareció en un video de respaldo de artistas del género: 'como ciudadanos colombianos... firmes por la patria'.,https://www.infobae.com/colombia/2026/06/19/artistas-de-musica-popular-incluida-la-esposa-de-yeison-jimenez-fueron-blanco-de-criticas-por-su-apoyo-a-abelardo-de-la-espriella/,Copia archivada (Wayback)::https://web.archive.org/web/20260621192948/https://www.infobae.com/colombia/2026/06/19/artistas-de-musica-popular-incluida-la-esposa-de-yeison-jimenez-fueron-blanco-de-criticas-por-su-apoyo-a-abelardo-de-la-espriella/,,pipebueno,pipebueno,pipebuenofans,pipebueno97,@pipebuenoMUSIC
Alzate,artistas,Cantantes,Cantante de música popular. Apareció en el video de respaldo de artistas del género ('firmes por la patria').,https://www.infobae.com/colombia/2026/06/19/artistas-de-musica-popular-incluida-la-esposa-de-yeison-jimenez-fueron-blanco-de-criticas-por-su-apoyo-a-abelardo-de-la-espriella/,Copia archivada (Wayback)::https://web.archive.org/web/20260621192948/https://www.infobae.com/colombia/2026/06/19/artistas-de-musica-popular-incluida-la-esposa-de-yeison-jimenez-fueron-blanco-de-criticas-por-su-apoyo-a-abelardo-de-la-espriella/,,alzatemusica,alzatemusica,alzatemusica,alzatemusica,alzatemusica
Francy,artistas,Cantantes,Cantante de música popular ('La Voz Popular'). Apareció en el video de respaldo del género ('firmes por la patria').,https://www.infobae.com/colombia/2026/06/19/artistas-de-musica-popular-incluida-la-esposa-de-yeison-jimenez-fueron-blanco-de-criticas-por-su-apoyo-a-abelardo-de-la-espriella/,Copia archivada (Wayback)::https://web.archive.org/web/20260621192948/https://www.infobae.com/colombia/2026/06/19/artistas-de-musica-popular-incluida-la-esposa-de-yeison-jimenez-fueron-blanco-de-criticas-por-su-apoyo-a-abelardo-de-la-espriella/,,francypopular,francypopular1,francypopular,francypopular,https://www.youtube.com/channel/UCEh1VvUXrvnzPsM9HHNhx5w
Ciro Quiñónez,artistas,Cantantes,"Cantante de música popular. Participó en el video de respaldo (adaptación de un tema de Yeison Jiménez, 'firmes por la patria').",https://www.infobae.com/colombia/2026/06/19/artistas-de-musica-popular-incluida-la-esposa-de-yeison-jimenez-fueron-blanco-de-criticas-por-su-apoyo-a-abelardo-de-la-espriella/,Copia archivada (Wayback)::https://web.archive.org/web/20260621192948/https://www.infobae.com/colombia/2026/06/19/artistas-de-musica-popular-incluida-la-esposa-de-yeison-jimenez-fueron-blanco-de-criticas-por-su-apoyo-a-abelardo-de-la-espriella/,,ciroquinonez,,Ciroquinonezoficial,ciroquinonez,@CiroQuinonezTV
Juan Pablo Navarrete,artistas,Cantantes,Cantante de música popular. Participó en el video de respaldo de artistas del género ('firmes por la patria').,https://www.infobae.com/colombia/2026/06/19/artistas-de-musica-popular-incluida-la-esposa-de-yeison-jimenez-fueron-blanco-de-criticas-por-su-apoyo-a-abelardo-de-la-espriella/,Copia archivada (Wayback)::https://web.archive.org/web/20260621192948/https://www.infobae.com/colombia/2026/06/19/artistas-de-musica-popular-incluida-la-esposa-de-yeison-jimenez-fueron-blanco-de-criticas-por-su-apoyo-a-abelardo-de-la-espriella/,,juanpablonavarreteoficial,,,,
Federico Gutiérrez (Fico),lideres,Nacionales,Alcalde de Medellín y líder de Creemos (que respaldó la candidatura). Felicitó el triunfo del candidato: 'en esta tierra no pega el comunismo'.,https://www.semana.com/nacion/medellin/articulo/fico-gutierrez-y-andres-julian-rendon-felicitan-a-de-la-espriella-por-su-triunfo-virtual-en-esta-tierra-no-pega-el-comunismo/202634/,Copia archivada (Wayback)::https://web.archive.org/web/20260624181043/https://www.semana.com/nacion/medellin/articulo/fico-gutierrez-y-andres-julian-rendon-felicitan-a-de-la-espriella-por-su-triunfo-virtual-en-esta-tierra-no-pega-el-comunismo/202634/,,ficogutierrez,FicoGutierrez,FicoGutierrez,ficogutierrez,FicoGutierrez
Álvaro Uribe,lideres,Nacionales,Expresidente y líder del Centro Democrático. Pidió votar por el candidato: 'votaremos por él y pedimos que se vote por él'.,https://www.eltiempo.com/politica/elecciones-colombia-2026/alvaro-uribe-velez-se-pronuncia-sobre-los-resultados-de-la-primera-vuelta-y-anuncia-respaldo-a-abelardo-de-la-espriella-hemos-perdido-3560927,,,alvarouribevelez,AlvaroUribeVel,AlvaroUribeVel,,AlvaroUribeVelezPrensa
Paloma Valencia,lideres,Nacionales,"Senadora del Centro Democrático. Tras quedar tercera, respaldó la candidatura: 'Anuncio mi apoyo a Abelardo e invito a que derrotemos a Cepeda'.",https://www.elcolombiano.com/colombia/paloma-valencia-apoyo-abelardo-de-la-espriella-segunda-vuelta-junio-2026-ON37188701,Copia archivada (Wayback)::https://web.archive.org/web/20260602092853/https://www.elcolombiano.com/colombia/paloma-valencia-apoyo-abelardo-de-la-espriella-segunda-vuelta-junio-2026-ON37188701,,palomasenadora,PalomaValenciaL,palomavalencial,palomavalencial,
Iván Duque,lideres,Nacionales,Expresidente. Respaldó la candidatura para la segunda vuelta ('Una Colombia mejor') y publicó una columna oficializando su apoyo.,https://www.eltiempo.com/politica/elecciones-colombia-2026/resultados-presidenciales-2026-primera-vuelta/el-expresidente-de-colombia-ivan-duque-apoyara-al-candidato-presidencial-abelardo-de-la-espriella-para-la-segunda-vuelta-presidencial-3560958,,,ivanduquemarquez,IvanDuque,ivanduquemarquez,,@IvánDuque-Oficial
Vicky Dávila,lideres,Nacionales,"Periodista, directora de Semana y excandidata presidencial. Tras la primera vuelta respaldó la candidatura frente a Cepeda y celebró el triunfo ('Colombia se salva').",https://www.pulzo.com/elecciones-colombia-2026/vicky-davila-celebro-victoria-espriella-apunto-contra-cepeda-PP5200533,Respaldo a Abelardo frente a Cepeda (Infobae)::https://www.infobae.com/colombia/2026/02/20/vicky-davila-expreso-apoyo-a-abelardo-de-la-espriella-si-se-enfrenta-a-ivan-cepeda-en-presidenciales-es-la-mayor-amenaza/,,vickydavilah,VickyDavilaH,vickydavilah,vickydavilaperiodista,
Partido Conservador,partidos,Nacionales,Partido político. Respaldó la candidatura para la segunda vuelta.,https://www.elespectador.com/politica/elecciones-colombia-2026/estos-son-los-respaldos-y-alianzas-que-tienen-abelardo-de-la-espriella-e-ivan-cepeda-para-segunda-vuelta-noticias-hoy/,,,partidoconservadorcolombiano,soyconservador,SoyConservador,partidoconservador,soyconservador
Partido de la U,partidos,Nacionales,Partido de la Unión por la Gente ('la U'). Respaldó la candidatura para la segunda vuelta.,https://www.elespectador.com/politica/elecciones-colombia-2026/estos-son-los-respaldos-y-alianzas-que-tienen-abelardo-de-la-espriella-e-ivan-cepeda-para-segunda-vuelta-noticias-hoy/,,,partidodelaucol,partidodelaucol,PartidoDeLaUCol,,ELPARTIDODELAU
Analtraseg,sindicatos,Seguridad,"Sindicato de trabajadores de seguridad (escoltas de la UNP). Su director, Giovanni Gallo, manifestó su respaldo a la candidatura.",https://www.infobae.com/colombia/2026/06/11/sindicato-de-la-unp-anuncio-su-apoyo-a-abelardo-de-la-espriella-en-la-segunda-vuelta-presidencial/,Copia archivada (Wayback)::https://web.archive.org/web/20260618170845/https://www.infobae.com/colombia/2026/06/11/sindicato-de-la-unp-anuncio-su-apoyo-a-abelardo-de-la-espriella-en-la-segunda-vuelta-presidencial/,,,analtraseg,,,
Sintrainagro,sindicatos,Agroindustria,Sindicato de trabajadores agroindustriales (zona bananera de Urabá). Ratificó su respaldo a la candidatura.,https://www.facebook.com/noticiaselboom/videos/2023560305701577/,,,sintrainagro_nal,SintrainagroNal,sintrainagronacional,,
Bernie Moreno,lideres,Internacionales,Senador republicano de EE. UU. (de origen colombiano). Felicitó al candidato y fue observador electoral: 'la belleza de la democracia se mostró plenamente'.,https://www.infobae.com/colombia/2026/06/01/de-la-espriella-recibio-apoyo-de-lideres-internacionales-de-derecha-tras-su-triunfo-en-primera-vuelta-la-libertad-avanza/,Copia archivada (Wayback)::https://web.archive.org/web/20260623150041/https://www.infobae.com/colombia/2026/06/01/de-la-espriella-recibio-apoyo-de-lideres-internacionales-de-derecha-tras-su-triunfo-en-primera-vuelta-la-libertad-avanza/,,berniemorenoforohio,berniemoreno,,,
María Elvira Salazar,lideres,Internacionales,Congresista republicana de EE. UU. (Florida). Respaldó por X: 'millones de colombianos rechazan el rumbo de Gustavo Petro'.,https://www.infobae.com/colombia/2026/06/01/de-la-espriella-recibio-apoyo-de-lideres-internacionales-de-derecha-tras-su-triunfo-en-primera-vuelta-la-libertad-avanza/,Copia archivada (Wayback)::https://web.archive.org/web/20260623150041/https://www.infobae.com/colombia/2026/06/01/de-la-espriella-recibio-apoyo-de-lideres-internacionales-de-derecha-tras-su-triunfo-en-primera-vuelta-la-libertad-avanza/,,repmariasalazar,RepMariaSalazar,RepMariaSalazar,,repmariasalazar
Rick Scott,lideres,Internacionales,Senador republicano de EE. UU. (Florida). Destacó la alianza con el candidato ('Colombia es un aliado estratégico crítico'); incluido por la prensa entre los respaldos internacionales.,https://www.infobae.com/colombia/2026/06/01/de-la-espriella-recibio-apoyo-de-lideres-internacionales-de-derecha-tras-su-triunfo-en-primera-vuelta-la-libertad-avanza/,Copia archivada (Wayback)::https://web.archive.org/web/20260623150041/https://www.infobae.com/colombia/2026/06/01/de-la-espriella-recibio-apoyo-de-lideres-internacionales-de-derecha-tras-su-triunfo-en-primera-vuelta-la-libertad-avanza/,,flsenrickscott,SenRickScott,RickScottSenOffice,,
Unión Sindical Obrera (USO),sindicatos,Hidrocarburos,"Principal sindicato petrolero (Ecopetrol). Emitió un comunicado pidiendo votar por el candidato que priorizara el futuro energético, en línea con las propuestas de De la Espriella.",https://www.semana.com/economia/empresas/articulo/uso-principal-sindicato-de-ecopetrol-pidio-a-los-colombianos-votar-por-el-candidato-que-priorice-el-futuro-energetico-del-pais/202648/,Copia archivada (Wayback)::https://web.archive.org/web/20260622155417/https://www.semana.com/economia/empresas/articulo/uso-principal-sindicato-de-ecopetrol-pidio-a-los-colombianos-votar-por-el-candidato-que-priorice-el-futuro-energetico-del-pais/202648/,,usonacional,usofrenteobrero,usofrenteobrero,,usofrenteobrero
Christopher Smith,lideres,Internacionales,Congresista republicano de EE. UU. (Nueva Jersey). Firmó una carta de respaldo a la candidatura.,https://www.eltiempo.com/mundo/eeuu-y-canada/congresistas-republicanos-de-estados-unidos-emiten-carta-de-apoyo-a-abelardo-de-la-espriella-3565784,,,repchrissmith,RepChrisSmith,RepChrisSmith,,https://www.youtube.com/user/USRepChrisSmith
Carlos Giménez,lideres,Internacionales,Congresista republicano de EE. UU. (Florida). Firmó una carta de respaldo a la candidatura.,https://www.eltiempo.com/mundo/eeuu-y-canada/congresistas-republicanos-de-estados-unidos-emiten-carta-de-apoyo-a-abelardo-de-la-espriella-3565784,,,repcarlosfl,RepCarlos,RepCarlosGimenez,,
Bill Huizenga,lideres,Internacionales,Congresista republicano de EE. UU. (Michigan). Firmó una carta de respaldo a la candidatura.,https://www.eltiempo.com/mundo/eeuu-y-canada/congresistas-republicanos-de-estados-unidos-emiten-carta-de-apoyo-a-abelardo-de-la-espriella-3565784,,,rephuizenga,rephuizenga,rephuizenga,,rephuizenga
Westcol,artistas,Influencers,Streamer. Entrevistó solo a Abelardo de la Espriella y se fotografió con él. Señalado de cercanía con la campaña; él afirma haber sido neutral.,https://www.semana.com/politica/articulo/westcol-sobre-su-entrevista-con-abelardo-de-la-espriella-uno-no-quiso-el-otro-si-cual-es-el-problema-se-viene-segunda-vuelta/202614/,,img/evidencia/westcol.webp,westcol,WestCOL,,westcol,westcol,por confirmar
Faustino Asprilla,artistas,Deportistas,"Exfutbolista (Newcastle, Parma, Selección Colombia). Se sumó a la campaña (la 'Selección del Tigre'): 'me voy con él para sacar a Colombia del fondo de la tabla.'",https://www.elheraldo.co/politica/2026/05/01/el-tino-asprilla-anuncia-su-apoyo-a-abelardo-de-la-espriella-me-voy-con-el-para-sacar-a-colombia-del-fondo-de-la-tabla/,,,eltinoasprilla,TinoasprillaH,tinoasprillaoficial,eltinoasprilla11,Tinoasprillaoficial
Macnelly Torres,artistas,Deportistas,"Exfutbolista (Atlético Nacional, Selección Colombia). Se sumó a la campaña presidencial (la 'Selección del Tigre') con un mensaje conjunto de respaldo: 'hoy la patria se juega la gran final.'",https://www.elheraldo.co/politica/2026/05/01/el-tino-asprilla-anuncia-su-apoyo-a-abelardo-de-la-espriella-me-voy-con-el-para-sacar-a-colombia-del-fondo-de-la-tabla/,,,macnellytorres010,Macne10,,macnellytorres10,
Martín Arzuaga,artistas,Deportistas,Exfutbolista (Junior; analista de ESPN). Se sumó a la campaña presidencial (la 'Selección del Tigre') con un mensaje conjunto de respaldo: 'hoy la patria se juega la gran final.',https://www.elheraldo.co/politica/2026/05/01/el-tino-asprilla-anuncia-su-apoyo-a-abelardo-de-la-espriella-me-voy-con-el-para-sacar-a-colombia-del-fondo-de-la-tabla/,,,martinarzuaga,arzuagatoro24,martinarzuaga24,,
Harold Lozano,artistas,Deportistas,"Exfutbolista (América de Cali, Selección Colombia; mundialista 1994 y 1998). Se sumó a la campaña presidencial (la 'Selección del Tigre') con un mensaje conjunto de respaldo: 'hoy la patria se juega la gran final.'",https://www.elheraldo.co/politica/2026/05/01/el-tino-asprilla-anuncia-su-apoyo-a-abelardo-de-la-espriella-me-voy-con-el-para-sacar-a-colombia-del-fondo-de-la-tabla/,,,haroldlozano08,,,,
Carlos Valderrama,artistas,Deportistas,"Exfutbolista, histórico '10' y capitán de la Selección Colombia. Se sumó a la 'Selección del Tigre' de la campaña ('firmes por la patria') y apareció en un video de campaña respaldando la candidatura.",https://www.lasillavacia.com/en-vivo/nairo-borja-y-el-pibe-abelardo-suma-adhesiones-deportivas-a-su-campana/,,img/evidencia/pibe-pachequito-firmes.jpg,pibevalderramap,PibeValderramaP,pibevalderramatv,pibevalderramap,@pibevalderramap
Víctor Danilo Pacheco,artistas,Deportistas,"Exfutbolista ('Pachequito'). Se sumó a la 'Selección del Tigre' de la campaña ('firmes por la patria'), respaldando la candidatura.",https://www.lasillavacia.com/en-vivo/nairo-borja-y-el-pibe-abelardo-suma-adhesiones-deportivas-a-su-campana/,,img/evidencia/pibe-pachequito-firmes.jpg,victorpacheco07,Pachequito07,,,
Juanita Méndez,artistas,Influencers,Creadora de contenido. En una historia declaró: 'no me pica la lengua para decir que voté por Abelardo.',https://www.instagram.com/juanita.mendezzz/,,img/evidencia/juanita-mendez.png,juanita.mendezzz,,,juanita.mendezz,
Melissa Gate,artistas,Influencers,Creadora de contenido. Reaccionó con aplausos ('👏🦁') a una publicación de campaña.,https://www.instagram.com/melissagateg/,,img/evidencia/melissa-gates.png,melissagateg,meligate_,melissa.puerta.902,meligate_oficial,melissagate
Manuel Turizo,artistas,Cantantes,Cantante de reggaetón. Expresó su respaldo a la candidatura en una entrevista; el propio candidato agradeció públicamente su apoyo.,https://www.infobae.com/colombia/2026/05/19/manuel-turizo-expreso-su-respaldo-a-la-campana-abelardo-de-la-espriella-y-genero-debate-hay-que-tener-bastante-sentido-de-pertenencia/,,,manuelturizo,ManuelTurizoMTZ,ManuelTurizoMusic,manuelturizoz,ManuelTurizo
Orlando Liñán,artistas,Cantantes,Cantante y actor vallenato (interpretó a Diomedes Díaz). Comentó '🐯 con toda compadre' en una publicación de campaña y figuró entre los artistas que celebraron el triunfo en redes.,https://elpilon.com.co/vallenato/artistas-vallenatos-celebraron-en-redes-sociales-la-victoria-de-abelardo-de-la-espriella,,,orlandolinan,OrlandoLinan,orlandolinanoficial,orlandolinan,orlandolinantv
Andrea Valdiri,artistas,Influencers,Bailarina e influencer (Barranquilla). Respaldó públicamente la candidatura (foto con el candidato e historias de su celebración); perdió cerca de 100.000 seguidores por su apoyo.,https://www.infobae.com/colombia/2026/06/22/asi-fue-la-reaccion-de-andrea-valdiri-al-perder-cerca-de-100000-seguidores-por-respaldar-a-abelardo-de-la-espriella/,,,andreavaldirisos,,andreavaldirisos,andreavaldirisos1,andreavaldirisos
La Granja del Borrego,artistas,Influencers,Creador de contenido rural/agrícola colombiano. Su cuenta reaccionó con 'Me Encanta' (❤️) a un comentario ('Por eso firme 🐯') en una de sus publicaciones.,https://www.facebook.com/lagranjadelborrego,,img/evidencia/la-granja-del-borrego.webp,lagranjadelborrego,elborregoficial,lagranjadelborrego,lagranjadelborrego,@LaGranjadelBorrego,
MAÍA,artistas,Cantantes,Cantante barranquillera. En X respaldó con el símbolo del tigre de la campaña: 'He sido firme en mi posición y en mi opinión 🐯🐅' (publicación del 21 de junio de 2026).,https://x.com/maiamusical/status/2068378783485202697,,img/evidencia/maia-x.webp,maiamusical,maiamusical,maiamusical,maiamusicaltiktok,MAIAMUSICAL
Paulina Vega,artistas,Modelo,"Modelo y Miss Universo 2014 (Barranquilla). El día de la elección publicó en sus historias de Instagram: 'Hoy votemos por una mejor Colombia 🐯🐯🐯🇨🇴' (los tigres, símbolo de la campaña).",https://www.instagram.com/paulinavegadiep/,,img/evidencia/paulina-vega-story.png,paulinavegadiep,PaulinaVegaDiep,paulinavegadiep,paulinavegad,paulinavegadiep
Jhonny Romero,empresas,Empresarios,"Empresario y figura de X (verificado). Anunció: 'No contrato gente de izquierda… si hay alguien en mis empresas de izquierda, se va'. E hizo campaña explícita por Abelardo: 'Nadie, en absoluto, puede quedarse mañana sin votar por Abelardo.'",https://x.com/JhonnyRomeroOs/status/2070200019488002137,,img/evidencia/jhonny-romero-no-contrato.png|img/evidencia/jhonny-romero-votar.png|img/evidencia/jhonny-romero-discurso.png,,JhonnyRomeroOs,,jhonnyromeroosorio10,https://www.youtube.com/channel/UCw_Ls2FMeNhFcZIHThblmsg
Americana de Colchones,empresas,Comercio,"Empresa de colchones cuyo dueño, Ramón Guisao, fue denunciado públicamente ante la Fiscalía por presuntamente presionar a sus empleados para que votaran por Abelardo de la Espriella. La denuncia adjunta un video y lo señala como presunto delito electoral.",https://x.com/HarolNieto/status/2068093611598827686,,img/evidencia/americana-colchones.mp4,americanadecol,AmericanadeCol,AmericanaDeColchones,americanadecolchones,,
Carlos Lehder,lideres,Exnarcotraficante,"Exnarcotraficante condenado y cofundador del Cartel de Medellín, uno de los mayores capos de la historia de Colombia. Manifestó su respaldo total a Abelardo de la Espriella.",,,img/evidencia/carlos-lehder.mp4,,,,carloslehderescritor,,
Semana,medios,Conflicto de interés,"Revista del Grupo Gilinski (Gabriel Gilinski). La misma familia controla el Banco GNB Sudameris, que otorgó un crédito de $17.500 millones a la campaña de De la Espriella en segunda vuelta. Según La Silla Vacía e Infobae, con base en la CNE (Cuentas Claras), Gabriel Gilinski y Publicaciones Semana aportaron cerca del 88% ($2.100 millones) de la campaña de recolección de firmas de la precandidata Vicky Dávila —$700 millones a través de Publicaciones Semana—; antes habían negado esa financiación. A horas de la segunda vuelta, Dávila (exdirectora de Semana y precandidata presidencial) entrevistó a solas a De la Espriella, material que Semana resaltó como 'las 10 frases más reveladoras'. Según La Silla Vacía, su línea editorial favoreció al candidato: entre la primera y la segunda vuelta Semana publicó 133 videos de la campaña de De la Espriella (más de seis al día; 79 con tarjetón o instrucciones de voto), republicados de las cuentas del candidato y sin aviso de publicidad, sin un contenido equivalente de Iván Cepeda.",https://www.lasillavacia.com/silla-nacional/semana-y-gilinski-financiaron-con-2-100-millones-la-campana-de-vicky-davila/,Financiación 88% (Infobae)::https://www.infobae.com/colombia/2026/04/15/semana-y-gabriel-gilinski-aportaron-la-mayor-parte-de-los-recursos-para-la-campana-de-recoleccion-de-firmas-de-vicky-davila/|Entrevista de cierre en Semana::https://www.semana.com/politica/articulo/las-10-frases-mas-reveladoras-de-abelardo-de-la-espriella-en-su-entrevista-con-vicky-davila-en-semana/202604/|133 videos de campaña de Abelardo (La Silla Vacía)::https://www.lasillavacia.com/silla-nacional/semana-publico-133-videos-de-campana-de-abelardo-entre-primera-y-segunda-vuelta/|Negocios del Grupo Gilinski (El Colombiano)::https://www.elcolombiano.com/negocios/estos-son-los-negocios-de-los-gilinski-LH16110139,,revistasemana,RevistaSemana,RevistaSemana,,,
El Tiempo,medios,Conflicto de interés,"Diario controlado al 100% por Luis Carlos Sarmiento Angulo (Grupo Aval) desde 2012. El Banco de Bogotá (Grupo Aval) prestó $15.000 millones a la campaña de De la Espriella en primera vuelta (Cuentas Claras–CNE): un crédito comercial, no un respaldo del diario. El mismo banco financió ~46% de la campaña de Iván Duque en 2018 (ColombiaCheck). En 2022 la MOE UE lo ubicó entre los medios privados con 'cubrimiento sesgado desfavorable al Pacto Histórico'.",https://www.infobae.com/colombia/2026/06/17/asi-estan-las-cuentas-de-las-campanas-de-abelardo-de-la-espriella-e-ivan-cepeda-de-cara-a-la-segunda-vuelta-presidencial/,Propiedad de El Tiempo (Media Ownership Monitor)::https://colombia.mom-gmr.org/es/proprietarios/companies-database/detail/company/company/show/casa-editorial-el-tiempo-sa/|Crédito de $15.000M a la campaña (Infobae)::https://www.infobae.com/colombia/2026/06/17/asi-estan-las-cuentas-de-las-campanas-de-abelardo-de-la-espriella-e-ivan-cepeda-de-cara-a-la-segunda-vuelta-presidencial/|Cuentas Claras – CNE::https://www.cnecuentasclaras.gov.co/|Banco de Bogotá financió 46% de Duque 2018 (ColombiaCheck)::https://colombiacheck.com/especiales/zoom-al-billete/los-mas-de-cien-empresarios-que-financiaron-la-campana-de-duque|Informe MOE UE 2022 (Unión Europea)::https://www.eeas.europa.eu/sites/default/files/documents/Informe%20Final%20EUEOM%20Colombia%202022.pdf,,eltiempo,ELTIEMPO,eltiempo,,,
RCN Televisión,medios,Organización Ardila Lülle,"Canal privado de televisión de la Organización Ardila Lülle (familia Ardila), el segundo de mayor audiencia del país. La Misión de Observación Electoral de la UE lo señaló en 2022, junto con La FM y El Tiempo, por una cobertura sesgada en contra de la izquierda.",https://www.lasillavacia.com/silla-nacional/los-aportes-a-partidos-de-los-grupos-ardila-lulle-y-santo-domingo/,Propiedad (Media Ownership Monitor)::https://colombia.mom-gmr.org/en/media/detail/outlet/rcn-televsion/|Aportes a partidos 2022 (La Silla Vacía)::https://www.lasillavacia.com/silla-nacional/los-aportes-a-partidos-de-los-grupos-ardila-lulle-y-santo-domingo/|Informe MOE UE 2022 (Unión Europea)::https://www.eeas.europa.eu/sites/default/files/documents/Informe%20Final%20EUEOM%20Colombia%202022.pdf,,canalrcn,canalrcn,canalrcn,,,vínculo indirecto
La FM,medios,Organización Ardila Lülle,"Emisora informativa nacional de RCN Radio, de la Organización Ardila Lülle (familia Ardila). La Misión de Observación Electoral de la UE la señaló en 2022, junto con RCN y El Tiempo, por una cobertura sesgada en contra de la izquierda.",https://www.lasillavacia.com/silla-nacional/los-aportes-a-partidos-de-los-grupos-ardila-lulle-y-santo-domingo/,Propiedad (Media Ownership Monitor)::https://colombia.mom-gmr.org/es/media/detail/outlet/la-fm/|Aportes a partidos 2022 (La Silla Vacía)::https://www.lasillavacia.com/silla-nacional/los-aportes-a-partidos-de-los-grupos-ardila-lulle-y-santo-domingo/|Informe MOE UE 2022 (Unión Europea)::https://www.eeas.europa.eu/sites/default/files/documents/Informe%20Final%20EUEOM%20Colombia%202022.pdf,,lafmcolombia,lafm,lafm,,,vínculo indirecto
Caracol Televisión,medios,Grupo Santo Domingo (Valorem),"Canal privado de la familia Santo Domingo (Grupo Valorem), el de mayor audiencia del país. Un estudio académico (Universidad Pontificia Bolivariana) sobre la campaña de 2018 concluyó que sus noticieros, pese a presentarse como objetivos, dieron trato preferente a candidatos de centro y de derecha (en especial a Iván Duque) frente a la izquierda (Petro).",https://www.redalyc.org/journal/1514/151468724006/html/,Estudio UPB sobre la cobertura de 2018 (Redalyc)::https://www.redalyc.org/journal/1514/151468724006/html/|Propiedad (Media Ownership Monitor)::https://colombia.mom-gmr.org/es/media/detail/outlet/caracol-tv/|Monitoreo de medios MOE UE 2026::https://www.eeas.europa.eu/sites/default/files/2026/documents/MOE%20UE%20DP%20Segunda%20vuelta%20Colombia%202026%20-23%20JUN.pdf,,canalcaracol,CaracolTV,CaracolTelevision,,,
Blu Radio,medios,Grupo Santo Domingo (Valorem),"Emisora de la familia Santo Domingo (Grupo Valorem), del mismo grupo que Caracol Televisión. Su director, Néstor Morales (Mañanas Blu), ha sido señalado por críticos y por el presidente Gustavo Petro por una línea editorial cercana al uribismo y hostil al gobierno.",https://www.elcolombiano.com/colombia/respuesta-nestor-morales-petro-escandalo-ungrd-corrupcion-blu-radio-DE34561615,Choque Petro–Néstor Morales (El Colombiano)::https://www.elcolombiano.com/colombia/respuesta-nestor-morales-petro-escandalo-ungrd-corrupcion-blu-radio-DE34561615|Propiedad (Media Ownership Monitor)::https://colombia.mom-gmr.org/es/media/detail/outlet/bluradio/|Monitoreo de medios MOE UE 2026::https://www.eeas.europa.eu/sites/default/files/2026/documents/MOE%20UE%20DP%20Segunda%20vuelta%20Colombia%202026%20-23%20JUN.pdf,,bluradioco,BluRadioCo,bluradio,,,
NTN24,medios,Organización Ardila Lülle,"Canal de noticias internacional de la Organización Ardila Lülle (familia Ardila), el mismo grupo dueño de RCN y La FM —señalados por su cobertura sesgada contra la izquierda—.",https://www.portafolio.co/negocios/empresas/estas-son-las-empresas-del-conglomerado-ardila-luelle-555119,Empresas del grupo Ardila Lülle (Portafolio)::https://www.portafolio.co/negocios/empresas/estas-son-las-empresas-del-conglomerado-ardila-luelle-555119|Aportes a partidos 2022 (La Silla Vacía)::https://www.lasillavacia.com/silla-nacional/los-aportes-a-partidos-de-los-grupos-ardila-lulle-y-santo-domingo/,,,,,,,vínculo indirecto
Win Sports,medios,Organización Ardila Lülle,"Canal de televisión deportiva (fútbol colombiano) de la Organización Ardila Lülle (familia Ardila), el mismo grupo dueño de RCN y La FM, señalados por su cobertura sesgada contra la izquierda.",https://www.portafolio.co/negocios/empresas/estas-son-las-empresas-del-conglomerado-ardila-luelle-555119,Empresas del grupo Ardila Lülle (Portafolio)::https://www.portafolio.co/negocios/empresas/estas-son-las-empresas-del-conglomerado-ardila-luelle-555119|Aportes a partidos 2022 (La Silla Vacía)::https://www.lasillavacia.com/silla-nacional/los-aportes-a-partidos-de-los-grupos-ardila-lulle-y-santo-domingo/,,,,,,,vínculo indirecto
La República,medios,Organización Ardila Lülle,"Diario económico de la Organización Ardila Lülle (familia Ardila), el mismo grupo dueño de RCN y La FM, señalados por su cobertura sesgada contra la izquierda.",https://www.portafolio.co/negocios/empresas/estas-son-las-empresas-del-conglomerado-ardila-luelle-555119,Empresas del grupo Ardila Lülle (Portafolio)::https://www.portafolio.co/negocios/empresas/estas-son-las-empresas-del-conglomerado-ardila-luelle-555119|Aportes a partidos 2022 (La Silla Vacía)::https://www.lasillavacia.com/silla-nacional/los-aportes-a-partidos-de-los-grupos-ardila-lulle-y-santo-domingo/,,,,,,,vínculo indirecto
Postobón,empresas,Organización Ardila Lülle,"La mayor empresa de bebidas no alcohólicas de Colombia, insignia de la Organización Ardila Lülle (familia Ardila). Ese grupo es dueño de los canales RCN y La FM (señalados por su sesgo contra la izquierda) y financia a partidos de derecha.",https://www.portafolio.co/negocios/empresas/estas-son-las-empresas-del-conglomerado-ardila-luelle-555119,Empresas del grupo Ardila Lülle (Portafolio)::https://www.portafolio.co/negocios/empresas/estas-son-las-empresas-del-conglomerado-ardila-luelle-555119|Aportes a partidos 2022 (La Silla Vacía)::https://www.lasillavacia.com/silla-nacional/los-aportes-a-partidos-de-los-grupos-ardila-lulle-y-santo-domingo/,,,,,,,vínculo indirecto
Incauca,empresas,Organización Ardila Lülle,"Uno de los mayores ingenios azucareros de Colombia, de la Organización Ardila Lülle (familia Ardila). Ese grupo es dueño de los canales RCN y La FM (señalados por su sesgo contra la izquierda) y financia a partidos de derecha.",https://www.portafolio.co/negocios/empresas/estas-son-las-empresas-del-conglomerado-ardila-luelle-555119,Empresas del grupo Ardila Lülle (Portafolio)::https://www.portafolio.co/negocios/empresas/estas-son-las-empresas-del-conglomerado-ardila-luelle-555119|Aportes a partidos 2022 (La Silla Vacía)::https://www.lasillavacia.com/silla-nacional/los-aportes-a-partidos-de-los-grupos-ardila-lulle-y-santo-domingo/,,,,,,,vínculo indirecto
Los Coches,empresas,Organización Ardila Lülle,Cadena de concesionarios de automóviles de la Organización Ardila Lülle (familia Ardila). Ese grupo es dueño de los canales RCN y La FM (señalados por su sesgo contra la izquierda) y financia a partidos de derecha.,https://www.portafolio.co/negocios/empresas/estas-son-las-empresas-del-conglomerado-ardila-luelle-555119,Empresas del grupo Ardila Lülle (Portafolio)::https://www.portafolio.co/negocios/empresas/estas-son-las-empresas-del-conglomerado-ardila-luelle-555119|Aportes a partidos 2022 (La Silla Vacía)::https://www.lasillavacia.com/silla-nacional/los-aportes-a-partidos-de-los-grupos-ardila-lulle-y-santo-domingo/,,,,,,,vínculo indirecto
Cerveza Andina,empresas,Organización Ardila Lülle,"Marca de cerveza de Central Cervecera de Colombia, de la Organización Ardila Lülle (familia Ardila). Ese grupo es dueño de los canales RCN y La FM (señalados por su sesgo contra la izquierda) y financia a partidos de derecha.",https://www.portafolio.co/negocios/empresas/estas-son-las-empresas-del-conglomerado-ardila-luelle-555119,Empresas del grupo Ardila Lülle (Portafolio)::https://www.portafolio.co/negocios/empresas/estas-son-las-empresas-del-conglomerado-ardila-luelle-555119|Aportes a partidos 2022 (La Silla Vacía)::https://www.lasillavacia.com/silla-nacional/los-aportes-a-partidos-de-los-grupos-ardila-lulle-y-santo-domingo/,,,,,,,vínculo indirecto
Atlético Nacional,empresas,Organización Ardila Lülle,"Club de fútbol de Medellín, propiedad de la Organización Ardila Lülle (familia Ardila) desde 1996. Ese grupo es dueño de los canales RCN y La FM (señalados por su sesgo contra la izquierda) y financia a partidos de derecha.",https://www.portafolio.co/negocios/empresas/estas-son-las-empresas-del-conglomerado-ardila-luelle-555119,Empresas del grupo Ardila Lülle (Portafolio)::https://www.portafolio.co/negocios/empresas/estas-son-las-empresas-del-conglomerado-ardila-luelle-555119|Aportes a partidos 2022 (La Silla Vacía)::https://www.lasillavacia.com/silla-nacional/los-aportes-a-partidos-de-los-grupos-ardila-lulle-y-santo-domingo/,,,,,,,vínculo indirecto
Colombiana,empresas,Marcas de Postobón,"Gaseosa tipo kola ('la nuestra'), marca propia de Postobón (Organización Ardila Lülle). Ese grupo es dueño de los canales RCN y La FM (señalados por su sesgo contra la izquierda) y financia a partidos de derecha.",https://www.postobon.com/sala-prensa/noticias/nuestras-marcas-en-el-top-mind-colombia,Marcas de Postobón (Postobón)::https://www.postobon.com/sala-prensa/noticias/nuestras-marcas-en-el-top-mind-colombia|Aportes a partidos 2022 (La Silla Vacía)::https://www.lasillavacia.com/silla-nacional/los-aportes-a-partidos-de-los-grupos-ardila-lulle-y-santo-domingo/,,,,,,,vínculo indirecto
Hit,empresas,Marcas de Postobón,"Jugos y néctares de fruta, marca de Postobón (Organización Ardila Lülle). Ese grupo es dueño de los canales RCN y La FM (señalados por su sesgo contra la izquierda) y financia a partidos de derecha.",https://www.postobon.com/sala-prensa/noticias/nuestras-marcas-en-el-top-mind-colombia,Marcas de Postobón (Postobón)::https://www.postobon.com/sala-prensa/noticias/nuestras-marcas-en-el-top-mind-colombia|Aportes a partidos 2022 (La Silla Vacía)::https://www.lasillavacia.com/silla-nacional/los-aportes-a-partidos-de-los-grupos-ardila-lulle-y-santo-domingo/,,,,,,,vínculo indirecto
Bretaña,empresas,Marcas de Postobón,"Soda/agua, una de las marcas más antiguas de Postobón (Organización Ardila Lülle). Ese grupo es dueño de los canales RCN y La FM (señalados por su sesgo contra la izquierda) y financia a partidos de derecha.",https://www.postobon.com/sala-prensa/noticias/nuestras-marcas-en-el-top-mind-colombia,Marcas de Postobón (Postobón)::https://www.postobon.com/sala-prensa/noticias/nuestras-marcas-en-el-top-mind-colombia|Aportes a partidos 2022 (La Silla Vacía)::https://www.lasillavacia.com/silla-nacional/los-aportes-a-partidos-de-los-grupos-ardila-lulle-y-santo-domingo/,,,,,,,vínculo indirecto
Hipinto,empresas,Marcas de Postobón,"Gaseosa, marca de Postobón (Organización Ardila Lülle). Ese grupo es dueño de los canales RCN y La FM (señalados por su sesgo contra la izquierda) y financia a partidos de derecha.",https://www.postobon.com/sala-prensa/noticias/nuestras-marcas-en-el-top-mind-colombia,Marcas de Postobón (Postobón)::https://www.postobon.com/sala-prensa/noticias/nuestras-marcas-en-el-top-mind-colombia|Aportes a partidos 2022 (La Silla Vacía)::https://www.lasillavacia.com/silla-nacional/los-aportes-a-partidos-de-los-grupos-ardila-lulle-y-santo-domingo/,,,,,,,vínculo indirecto
Gaseosa Popular,empresas,Marcas de Postobón,"Gaseosa económica, marca de Postobón (Organización Ardila Lülle). Ese grupo es dueño de los canales RCN y La FM (señalados por su sesgo contra la izquierda) y financia a partidos de derecha.",https://www.postobon.com/sala-prensa/noticias/nuestras-marcas-en-el-top-mind-colombia,Marcas de Postobón (Postobón)::https://www.postobon.com/sala-prensa/noticias/nuestras-marcas-en-el-top-mind-colombia|Aportes a partidos 2022 (La Silla Vacía)::https://www.lasillavacia.com/silla-nacional/los-aportes-a-partidos-de-los-grupos-ardila-lulle-y-santo-domingo/,,,,,,,vínculo indirecto
Mr. Tea,empresas,Marcas de Postobón,"Té frío, marca de Postobón (Organización Ardila Lülle). Ese grupo es dueño de los canales RCN y La FM (señalados por su sesgo contra la izquierda) y financia a partidos de derecha.",https://www.postobon.com/sala-prensa/noticias/nuestras-marcas-en-el-top-mind-colombia,Marcas de Postobón (Postobón)::https://www.postobon.com/sala-prensa/noticias/nuestras-marcas-en-el-top-mind-colombia|Aportes a partidos 2022 (La Silla Vacía)::https://www.lasillavacia.com/silla-nacional/los-aportes-a-partidos-de-los-grupos-ardila-lulle-y-santo-domingo/,,,,,,,vínculo indirecto
Tutti Frutti,empresas,Marcas de Postobón,"Gaseosa de sabores, marca de Postobón (Organización Ardila Lülle). Ese grupo es dueño de los canales RCN y La FM (señalados por su sesgo contra la izquierda) y financia a partidos de derecha.",https://www.postobon.com/sala-prensa/noticias/nuestras-marcas-en-el-top-mind-colombia,Marcas de Postobón (Postobón)::https://www.postobon.com/sala-prensa/noticias/nuestras-marcas-en-el-top-mind-colombia|Aportes a partidos 2022 (La Silla Vacía)::https://www.lasillavacia.com/silla-nacional/los-aportes-a-partidos-de-los-grupos-ardila-lulle-y-santo-domingo/,,,,,,,vínculo indirecto
Agua Cristal,empresas,Marcas de Postobón,"Agua embotellada, marca de Postobón (Organización Ardila Lülle). Ese grupo es dueño de los canales RCN y La FM (señalados por su sesgo contra la izquierda) y financia a partidos de derecha.",https://www.postobon.com/sala-prensa/noticias/nuestras-marcas-en-el-top-mind-colombia,Marcas de Postobón (Postobón)::https://www.postobon.com/sala-prensa/noticias/nuestras-marcas-en-el-top-mind-colombia|Aportes a partidos 2022 (La Silla Vacía)::https://www.lasillavacia.com/silla-nacional/los-aportes-a-partidos-de-los-grupos-ardila-lulle-y-santo-domingo/,,,,,,,vínculo indirecto
Agua Oasis,empresas,Marcas de Postobón,"Agua embotellada, marca de Postobón (Organización Ardila Lülle). Ese grupo es dueño de los canales RCN y La FM (señalados por su sesgo contra la izquierda) y financia a partidos de derecha.",https://www.postobon.com/sala-prensa/noticias/nuestras-marcas-en-el-top-mind-colombia,Marcas de Postobón (Postobón)::https://www.postobon.com/sala-prensa/noticias/nuestras-marcas-en-el-top-mind-colombia|Aportes a partidos 2022 (La Silla Vacía)::https://www.lasillavacia.com/silla-nacional/los-aportes-a-partidos-de-los-grupos-ardila-lulle-y-santo-domingo/,,,,,,,vínculo indirecto
Squash,empresas,Marcas de Postobón,"Bebida de fruta, marca de Postobón (Organización Ardila Lülle). Ese grupo es dueño de los canales RCN y La FM (señalados por su sesgo contra la izquierda) y financia a partidos de derecha.",https://www.postobon.com/sala-prensa/noticias/nuestras-marcas-en-el-top-mind-colombia,Marcas de Postobón (Postobón)::https://www.postobon.com/sala-prensa/noticias/nuestras-marcas-en-el-top-mind-colombia|Aportes a partidos 2022 (La Silla Vacía)::https://www.lasillavacia.com/silla-nacional/los-aportes-a-partidos-de-los-grupos-ardila-lulle-y-santo-domingo/,,,,,,,vínculo indirecto
Peak,empresas,Marcas de Postobón,"Bebida hidratante/deportiva, marca de Postobón (Organización Ardila Lülle). Ese grupo es dueño de los canales RCN y La FM (señalados por su sesgo contra la izquierda) y financia a partidos de derecha.",https://www.postobon.com/sala-prensa/noticias/nuestras-marcas-en-el-top-mind-colombia,Marcas de Postobón (Postobón)::https://www.postobon.com/sala-prensa/noticias/nuestras-marcas-en-el-top-mind-colombia|Aportes a partidos 2022 (La Silla Vacía)::https://www.lasillavacia.com/silla-nacional/los-aportes-a-partidos-de-los-grupos-ardila-lulle-y-santo-domingo/,,,,,,,vínculo indirecto
Speed Max,empresas,Marcas de Postobón,"Bebida energizante, marca de Postobón (Organización Ardila Lülle). Ese grupo es dueño de los canales RCN y La FM (señalados por su sesgo contra la izquierda) y financia a partidos de derecha.",https://www.postobon.com/sala-prensa/noticias/nuestras-marcas-en-el-top-mind-colombia,Marcas de Postobón (Postobón)::https://www.postobon.com/sala-prensa/noticias/nuestras-marcas-en-el-top-mind-colombia|Aportes a partidos 2022 (La Silla Vacía)::https://www.lasillavacia.com/silla-nacional/los-aportes-a-partidos-de-los-grupos-ardila-lulle-y-santo-domingo/,,,,,,,vínculo indirecto
Nutresa,empresas,Grupo Gilinski,"Mayor grupo de alimentos de Colombia (marcas como Noel, Zenú y Jet), controlado por el Grupo Gilinski (cerca del 85%). Vínculo indirecto: se incluye por la propiedad del Grupo Gilinski, ligado a la campaña de De la Espriella a través del crédito del Banco GNB Sudameris y de la línea editorial de la revista Semana, ambos del grupo.",https://www.larepublica.co/especiales/opa-por-nutresa/gnb-sudameris-rimax-y-yupi-entre-las-empresas-que-componen-el-grupo-gilinski-3260735,Negocios del Grupo Gilinski (El Colombiano)::https://www.elcolombiano.com/negocios/estos-son-los-negocios-de-los-gilinski-LH16110139,,nutresaoficial,Grupo_Nutresa,,,,vínculo indirecto
Rimax,empresas,Grupo Gilinski,"Fabricante de plásticos y artículos para el hogar, del Grupo Gilinski. Vínculo indirecto: se incluye por la propiedad del Grupo Gilinski, ligado a la campaña de De la Espriella a través del crédito del Banco GNB Sudameris y de la línea editorial de la revista Semana.",https://www.larepublica.co/especiales/opa-por-nutresa/gnb-sudameris-rimax-y-yupi-entre-las-empresas-que-componen-el-grupo-gilinski-3260735,Negocios del Grupo Gilinski (El Colombiano)::https://www.elcolombiano.com/negocios/estos-son-los-negocios-de-los-gilinski-LH16110139,,,,productosrimax,,,vínculo indirecto
Servibanca,empresas,Grupo Gilinski,"Red de cajeros automáticos, del Grupo Gilinski. Vínculo indirecto: se incluye por la propiedad del Grupo Gilinski, ligado a la campaña de De la Espriella a través del crédito del Banco GNB Sudameris y de la línea editorial de la revista Semana.",https://www.larepublica.co/especiales/opa-por-nutresa/gnb-sudameris-rimax-y-yupi-entre-las-empresas-que-componen-el-grupo-gilinski-3260735,Negocios del Grupo Gilinski (El Colombiano)::https://www.elcolombiano.com/negocios/estos-son-los-negocios-de-los-gilinski-LH16110139,,,,,,,vínculo indirecto
El Heraldo,empresas,Grupo Gilinski,"Diario de Barranquilla (costa Caribe), del Grupo Gilinski (Gabriel Gilinski). Vínculo indirecto: se incluye por la propiedad del Grupo Gilinski, ligado a la campaña de De la Espriella a través del crédito del Banco GNB Sudameris y de la línea editorial de la revista Semana.",https://www.larepublica.co/especiales/opa-por-nutresa/gnb-sudameris-rimax-y-yupi-entre-las-empresas-que-componen-el-grupo-gilinski-3260735,Negocios del Grupo Gilinski (El Colombiano)::https://www.elcolombiano.com/negocios/estos-son-los-negocios-de-los-gilinski-LH16110139,,elheraldoco,elheraldoco,fansheraldo,,,vínculo indirecto
Yupi,empresas,Grupo Gilinski,"Mecato y snacks (papas Yupis, Tosti, GolpeTodo), del Grupo Gilinski. Vínculo indirecto: se incluye por la propiedad del grupo, ligado a la campaña de De la Espriella vía el Banco GNB Sudameris y la revista Semana.",https://www.larepublica.co/especiales/opa-por-nutresa/gnb-sudameris-rimax-y-yupi-entre-las-empresas-que-componen-el-grupo-gilinski-3260735,Negocios del Grupo Gilinski (El Colombiano)::https://www.elcolombiano.com/negocios/estos-son-los-negocios-de-los-gilinski-LH16110139,,,,ProductosYupi,,,vínculo indirecto
Bon Bril,empresas,Grupo Gilinski,"Productos de aseo del hogar (esponjillas y limpieza), del Grupo Gilinski. Vínculo indirecto: se incluye por la propiedad del grupo, ligado a la campaña de De la Espriella vía el Banco GNB Sudameris y la revista Semana.",https://www.larepublica.co/especiales/opa-por-nutresa/gnb-sudameris-rimax-y-yupi-entre-las-empresas-que-componen-el-grupo-gilinski-3260735,Negocios del Grupo Gilinski (El Colombiano)::https://www.elcolombiano.com/negocios/estos-son-los-negocios-de-los-gilinski-LH16110139,,,,,,,vínculo indirecto
GHL Hoteles,empresas,Grupo Gilinski,"Cadena hotelera del Grupo Gilinski. Vínculo indirecto: se incluye por la propiedad del grupo, ligado a la campaña de De la Espriella vía el Banco GNB Sudameris y la revista Semana.",https://www.larepublica.co/especiales/opa-por-nutresa/gnb-sudameris-rimax-y-yupi-entre-las-empresas-que-componen-el-grupo-gilinski-3260735,Negocios del Grupo Gilinski (El Colombiano)::https://www.elcolombiano.com/negocios/estos-son-los-negocios-de-los-gilinski-LH16110139,,ghl_hoteles,,GhlHoteles,,,vínculo indirecto
Noel,empresas,Marcas de Nutresa,"Galletas, marca de Grupo Nutresa (Grupo Gilinski). Vínculo indirecto: se incluye por la propiedad del grupo, ligado a la campaña de De la Espriella vía el Banco GNB Sudameris y la revista Semana.",https://www.eltiempo.com/economia/empresas/nutresa-las-marcas-que-ahora-son-del-grupo-gilinski-771554,Las 63 marcas de Nutresa (BluRadio)::https://www.bluradio.com/economia/negocios/las-63-marcas-que-componen-al-grupo-nutresa-gilinski-venderia-algunas-rs15,,galletasnoel,,companiadegalletasnoel,,,vínculo indirecto
Saltín Noel,empresas,Marcas de Nutresa,"Galletas saladas (crackers), marca de Grupo Nutresa (Grupo Gilinski). Vínculo indirecto: se incluye por la propiedad del grupo, ligado a la campaña de De la Espriella vía el Banco GNB Sudameris y la revista Semana.",https://www.eltiempo.com/economia/empresas/nutresa-las-marcas-que-ahora-son-del-grupo-gilinski-771554,Las 63 marcas de Nutresa (BluRadio)::https://www.bluradio.com/economia/negocios/las-63-marcas-que-componen-al-grupo-nutresa-gilinski-venderia-algunas-rs15,,saltinnoelcol,,,,,vínculo indirecto
Ducales,empresas,Marcas de Nutresa,"Galletas, marca de Grupo Nutresa (Grupo Gilinski). Vínculo indirecto: se incluye por la propiedad del grupo, ligado a la campaña de De la Espriella vía el Banco GNB Sudameris y la revista Semana.",https://www.eltiempo.com/economia/empresas/nutresa-las-marcas-que-ahora-son-del-grupo-gilinski-771554,Las 63 marcas de Nutresa (BluRadio)::https://www.bluradio.com/economia/negocios/las-63-marcas-que-componen-al-grupo-nutresa-gilinski-venderia-algunas-rs15,,,,,,,vínculo indirecto
Festival,empresas,Marcas de Nutresa,"Galletas, marca de Grupo Nutresa (Grupo Gilinski). Vínculo indirecto: se incluye por la propiedad del grupo, ligado a la campaña de De la Espriella vía el Banco GNB Sudameris y la revista Semana.",https://www.eltiempo.com/economia/empresas/nutresa-las-marcas-que-ahora-son-del-grupo-gilinski-771554,Las 63 marcas de Nutresa (BluRadio)::https://www.bluradio.com/economia/negocios/las-63-marcas-que-componen-al-grupo-nutresa-gilinski-venderia-algunas-rs15,,,,,,,vínculo indirecto
Zenú,empresas,Marcas de Nutresa,"Embutidos y cárnicos, marca de Grupo Nutresa (Grupo Gilinski). Vínculo indirecto: se incluye por la propiedad del grupo, ligado a la campaña de De la Espriella vía el Banco GNB Sudameris y la revista Semana.",https://www.eltiempo.com/economia/empresas/nutresa-las-marcas-que-ahora-son-del-grupo-gilinski-771554,Las 63 marcas de Nutresa (BluRadio)::https://www.bluradio.com/economia/negocios/las-63-marcas-que-componen-al-grupo-nutresa-gilinski-venderia-algunas-rs15,,zenuoficial,,AlimentosZenu,,,vínculo indirecto
Ranchera,empresas,Marcas de Nutresa,"Embutidos, marca de Grupo Nutresa (Grupo Gilinski). Vínculo indirecto: se incluye por la propiedad del grupo, ligado a la campaña de De la Espriella vía el Banco GNB Sudameris y la revista Semana.",https://www.eltiempo.com/economia/empresas/nutresa-las-marcas-que-ahora-son-del-grupo-gilinski-771554,Las 63 marcas de Nutresa (BluRadio)::https://www.bluradio.com/economia/negocios/las-63-marcas-que-componen-al-grupo-nutresa-gilinski-venderia-algunas-rs15,,rancheraoficial,,,,,vínculo indirecto
Jet,empresas,Marcas de Nutresa,"Chocolatina, marca de Grupo Nutresa (Grupo Gilinski). Vínculo indirecto: se incluye por la propiedad del grupo, ligado a la campaña de De la Espriella vía el Banco GNB Sudameris y la revista Semana.",https://www.eltiempo.com/economia/empresas/nutresa-las-marcas-que-ahora-son-del-grupo-gilinski-771554,Las 63 marcas de Nutresa (BluRadio)::https://www.bluradio.com/economia/negocios/las-63-marcas-que-componen-al-grupo-nutresa-gilinski-venderia-algunas-rs15,,chocolatesjet,,chocolatesjet,,,vínculo indirecto
Jumbo,empresas,Marcas de Nutresa,"Chocolatina, marca de Grupo Nutresa (Grupo Gilinski). Vínculo indirecto: se incluye por la propiedad del grupo, ligado a la campaña de De la Espriella vía el Banco GNB Sudameris y la revista Semana.",https://www.eltiempo.com/economia/empresas/nutresa-las-marcas-que-ahora-son-del-grupo-gilinski-771554,Las 63 marcas de Nutresa (BluRadio)::https://www.bluradio.com/economia/negocios/las-63-marcas-que-componen-al-grupo-nutresa-gilinski-venderia-algunas-rs15,,,,,,,vínculo indirecto
Chocolisto,empresas,Marcas de Nutresa,"Chocolate en polvo, marca de Grupo Nutresa (Grupo Gilinski). Vínculo indirecto: se incluye por la propiedad del grupo, ligado a la campaña de De la Espriella vía el Banco GNB Sudameris y la revista Semana.",https://www.eltiempo.com/economia/empresas/nutresa-las-marcas-que-ahora-son-del-grupo-gilinski-771554,Las 63 marcas de Nutresa (BluRadio)::https://www.bluradio.com/economia/negocios/las-63-marcas-que-componen-al-grupo-nutresa-gilinski-venderia-algunas-rs15,,,,,,,vínculo indirecto
Montblanc,empresas,Marcas de Nutresa,"Chocolate, marca de Grupo Nutresa (Grupo Gilinski). Vínculo indirecto: se incluye por la propiedad del grupo, ligado a la campaña de De la Espriella vía el Banco GNB Sudameris y la revista Semana.",https://www.eltiempo.com/economia/empresas/nutresa-las-marcas-que-ahora-son-del-grupo-gilinski-771554,Las 63 marcas de Nutresa (BluRadio)::https://www.bluradio.com/economia/negocios/las-63-marcas-que-componen-al-grupo-nutresa-gilinski-venderia-algunas-rs15,,,,,,,vínculo indirecto
TOSH,empresas,Marcas de Nutresa,"Snacks y galletas, marca de Grupo Nutresa (Grupo Gilinski). Vínculo indirecto: se incluye por la propiedad del grupo, ligado a la campaña de De la Espriella vía el Banco GNB Sudameris y la revista Semana.",https://www.eltiempo.com/economia/empresas/nutresa-las-marcas-que-ahora-son-del-grupo-gilinski-771554,Las 63 marcas de Nutresa (BluRadio)::https://www.bluradio.com/economia/negocios/las-63-marcas-que-componen-al-grupo-nutresa-gilinski-venderia-algunas-rs15,,soytosh,,TOSHBienestar,,,vínculo indirecto
Colcafé,empresas,Marcas de Nutresa,"Café, marca de Grupo Nutresa (Grupo Gilinski). Vínculo indirecto: se incluye por la propiedad del grupo, ligado a la campaña de De la Espriella vía el Banco GNB Sudameris y la revista Semana.",https://www.eltiempo.com/economia/empresas/nutresa-las-marcas-que-ahora-son-del-grupo-gilinski-771554,Las 63 marcas de Nutresa (BluRadio)::https://www.bluradio.com/economia/negocios/las-63-marcas-que-componen-al-grupo-nutresa-gilinski-venderia-algunas-rs15,,colcafe,cafe_colcafe,colcafe,,,vínculo indirecto
Sello Rojo,empresas,Marcas de Nutresa,"Café, marca de Grupo Nutresa (Grupo Gilinski). Vínculo indirecto: se incluye por la propiedad del grupo, ligado a la campaña de De la Espriella vía el Banco GNB Sudameris y la revista Semana.",https://www.eltiempo.com/economia/empresas/nutresa-las-marcas-que-ahora-son-del-grupo-gilinski-771554,Las 63 marcas de Nutresa (BluRadio)::https://www.bluradio.com/economia/negocios/las-63-marcas-que-componen-al-grupo-nutresa-gilinski-venderia-algunas-rs15,,cafe.sellorojo,,CafeSelloRojo,,,vínculo indirecto
Doria,empresas,Marcas de Nutresa,"Pastas, marca de Grupo Nutresa (Grupo Gilinski). Vínculo indirecto: se incluye por la propiedad del grupo, ligado a la campaña de De la Espriella vía el Banco GNB Sudameris y la revista Semana.",https://www.eltiempo.com/economia/empresas/nutresa-las-marcas-que-ahora-son-del-grupo-gilinski-771554,Las 63 marcas de Nutresa (BluRadio)::https://www.bluradio.com/economia/negocios/las-63-marcas-que-componen-al-grupo-nutresa-gilinski-venderia-algunas-rs15,,alimentosdoria,,alimentosdoria,,,vínculo indirecto
Crem Helado,empresas,Marcas de Nutresa,"Helados, marca de Grupo Nutresa (Grupo Gilinski). Vínculo indirecto: se incluye por la propiedad del grupo, ligado a la campaña de De la Espriella vía el Banco GNB Sudameris y la revista Semana.",https://www.eltiempo.com/economia/empresas/nutresa-las-marcas-que-ahora-son-del-grupo-gilinski-771554,Las 63 marcas de Nutresa (BluRadio)::https://www.bluradio.com/economia/negocios/las-63-marcas-que-componen-al-grupo-nutresa-gilinski-venderia-algunas-rs15,,cremheladooficial,,CremHelado,,,vínculo indirecto
